Eval_metric,ANN,Ensemble_Stacking,Ensemble_Voting,LightGBM,Logistic,LSTM,RandomForest,XGBoost
Accumulated_Returns_%,8.229990807539433,0.0,5.509514680779581,13.70630586473025,-10.207248261674897,-8.808929529360654,-2.274787130516387,9.65036733508322
Sharpe_Ratio,0.2210569505949683,-inf,0.0818746441606121,0.6714996233356869,-1.3396605850956511,-0.8478998613052525,-1.4775131487546942,0.3955808274412014
Information_Ratio,0.93394906036093,0.3632594219208077,0.6280360184815296,1.1570953220050404,-0.0880859471484124,-0.023209199531483,0.2712607663132564,0.9084067576512096
Sortino_Ratio,0.2453189633596869,,0.0541453615941261,0.5879904292817824,-0.8393767114074673,-0.8046108272361134,-0.6429144987534227,0.2868895312767459
Maximum_Drawdown,9.012136566916684,0.0,4.539318373084456,7.629390942114522,9.088912398140891,8.062059491465323,4.910013388343337,6.440270183272467
Volatility,14.909419157050332,0.0,6.761443715588526,13.128758386869476,11.412522259641364,16.369151121489352,4.935986819276249,11.950959060235515
