Eval_metric,Ensemble_Stacking,Ensemble_Voting,LightGBM,Logistic,RandomForest,XGBoost
Accumulated_Returns_%,2.2478424579359664,6.184609944489861,7.302627013507301,-10.20723999914317,3.366144426041106,-9.12492603184658
Sharpe_Ratio,-0.60484204995057,0.1360541098129228,0.2807472936297371,-1.3396593567824144,-0.2431905505121253,-1.044955342189707
Information_Ratio,0.4691219717418514,0.6840134235157472,0.727504745243106,-0.0880855358811383,0.5301842565611765,-0.0371075707751635
Sortino_Ratio,-0.2403066287242299,0.1184374269579322,0.2572334600866816,-0.8393770390876488,-0.0829931266854688,-0.9259188170043404
Maximum_Drawdown,3.342167325339052,5.610962068385295,4.186062893730647,9.08891328556063,5.143108397093599,8.268147237059065
Volatility,4.520477375248618,9.070558954394487,8.409869242512526,11.412526506631576,6.607684448127618,13.587112163424663
