Eval_metric,ARIMA,Ensemble,Ensemble_Stacking,Ensemble_Voting,LightGBM,Logistic,RandomForest,XGBoost
Accumulated_Returns_%,-7.527322634676548,4.2177725300241775,5.7572355783410245,4.2177725300241775,-0.8820278281077343,-10.585541343634295,1.580780378603297,0.19335715888813
Sharpe_Ratio,-0.5442221124256279,-0.0761104827326425,0.2042084622445106,-0.0761104827326425,-0.5871351641996752,-1.472504450535289,-0.3769244045706866,-0.3301548529569705
Information_Ratio,0.3345070910661897,0.6042907836992516,0.6234803102011177,0.6042907836992516,0.3620454158065331,-0.1048491836608495,0.470283493890868,0.4782091792335515
Sortino_Ratio,-0.8202820380194545,-0.050419686198552,0.2151265646656642,-0.050419686198552,-0.4133835095174527,-0.9105743826145124,-0.1739070466002731,-0.3345842605022661
Maximum_Drawdown,12.943997133636476,4.76464485717818,5.118551321970255,4.76464485717818,5.055047395915757,9.022930084022995,7.81608365286699,7.912350444003735
Volatility,23.12941890517935,9.834194487569803,3.933693315832932,9.834194487569803,10.03020157847302,10.641886799518256,9.037815904353373,14.554067404446174
