Eval_metric,ANN,Ensemble_Stacking,Ensemble_Voting,LightGBM,Logistic,LSTM,RandomForest,XGBoost
Accumulated_Returns_%,-12.60718214884422,0.0,-14.734541918622224,-32.66708269924665,-33.99819298318603,-40.779807584084175,2.590070592070415,12.547858469552772
Sharpe_Ratio,-0.6721674760988505,-inf,-2.0367407519132734,-2.094533130258573,-2.349230884681451,-1.5965784556031226,-1.0169336014272707,0.3585058807743413
Information_Ratio,0.7276908816455175,0.87134978495827,0.5158581432355273,0.0565825999250113,0.0188216000067197,-0.2199423371137702,0.9379803117284232,1.420559247575652
Sortino_Ratio,-0.5912845759030683,,-0.5950852116273859,-1.0058515727689668,-1.247176258899068,-1.3723123523110754,-0.794489546586951,0.235064716149392
Maximum_Drawdown,29.69494737627212,0.0,9.51942349466881,21.37420268786947,19.352467373984435,43.214699293998216,1.8410401548146995,13.336686565101274
Volatility,27.214837237238445,0.0,10.082776778742875,18.83185934683651,17.38759154958265,30.06301127596684,2.231263578980038,22.95744200937444
