Unnamed: 0,ANN,Ensemble_Stacking,Ensemble_Voting,LightGBM,Logistic,LSTM,RandomForest,XGBoost
Accuracy,0.4895397489539749,0.4853556485355648,0.4644351464435146,0.4769874476987448,0.4686192468619247,0.497907949790795,0.4853556485355648,0.5271966527196653
F1-Score,0.4504504504504504,0.0,0.0857142857142857,0.2937853107344633,0.1806451612903226,0.5041322314049587,0.0465116279069767,0.3756906077348066
Precision,0.5050505050505051,0.0,0.3529411764705882,0.4814814814814814,0.4375,0.5126050420168067,0.5,0.5862068965517241
ROC_AUC_Score,0.4949537426408747,0.5189935520044855,0.5120549481356882,0.5147883375385478,0.4776422764227643,0.46937202130642,0.5037846930193439,0.52004485562097
Recall,0.4065040650406504,0.0,0.048780487804878,0.2113821138211382,0.1138211382113821,0.4959349593495935,0.024390243902439,0.2764227642276423
