Unnamed: 0,ARIMA,Ensemble_Stacking,Ensemble,Ensemble_Voting,LightGBM,Logistic,RandomForest,XGBoost
Train_AIC,3284.8596936810677,1319.6184439873064,1233.557384387516,1233.557384387516,1147.210193566908,1375.4827664623567,1240.6487673714232,1217.321165472269
Train_Accuracy,0.5301204819277109,0.5271084337349398,0.6305220883534136,0.6305220883534136,0.6485943775100401,0.4608433734939759,0.536144578313253,0.6887550200803213
Train_BIC,3319.1859244841594,1358.8484220479831,1272.7873624481929,1272.7873624481929,1186.4401716275847,1414.7127445230335,1279.8787454321,1256.5511435329458
Train_F1-Score,0.5887521968365553,0.2742681047765793,0.522077922077922,0.522077922077922,0.5512820512820513,0.2425952045133991,0.2978723404255319,0.6790890269151139
Train_Precision,0.5785837651122625,0.9888888888888888,0.95260663507109,0.95260663507109,0.9728506787330315,0.5733333333333334,0.98989898989899,0.8058968058968059
Train_Recall,0.5992844364937389,0.1592128801431127,0.3595706618962433,0.3595706618962433,0.3846153846153846,0.1538461538461538,0.1753130590339892,0.5867620751341681
Train_ROC_AUC_Score,,0.8520650229446994,0.8511971770446572,0.8511971770446572,0.8832624456061208,0.5510002742720532,0.8546153436792572,0.7851303610975795
