Unnamed: 0,Ensemble_Stacking,Ensemble_Voting,LightGBM,Logistic,RandomForest,XGBoost
Train_AIC,1304.924267228064,1246.800290617443,1368.406677179844,1374.7108737589158,1287.449578361915,1023.796261638403
Train_Accuracy,0.5230923694779116,0.6355421686746988,0.5070281124497992,0.464859437751004,0.5,0.7730923694779116
Train_BIC,1344.1542452887406,1286.0302686781197,1407.636655240521,1413.9408518195926,1326.6795564225918,1063.0262396990795
Train_F1-Score,0.2658423493044822,0.5316129032258065,0.3246217331499312,0.2524544179523142,0.2044728434504792,0.77079107505071
Train_Precision,0.9885057471264368,0.958139534883721,0.7065868263473054,0.5882352941176471,0.9696969696969696,0.892018779342723
Train_ROC_AUC_Score,0.891861893840105,0.8598214285714285,0.5928366644823068,0.5525516055045872,0.7873730340760158,0.8962975098296199
Train_Recall,0.1535714285714285,0.3678571428571429,0.2107142857142857,0.1607142857142857,0.1142857142857142,0.6785714285714286
